week,matchup,team_id,team_name,team_side,player_name,player_id,position,slot_position,pro_team,points,stat_0
8,TEAM TOO ICEY BOY 12 vs Team Boricua Squad,11,TEAM TOO ICEY BOY 12,home,Harrison Barnes,6578,PF,PG,SAS,0,"{'applied_total': 0, 'applied_avg': 0, 'team': None, 'date': None, 'avg': None, 'total': {'PTS': 40.0, 'BLK': 0.0, 'STL': 1.0, 'AST': 2.0, 'OREB': 3.0, 'DREB': 2.0, 'REB': 5.0, 'EJ': 0.0, 'FF': 0.0, 'PF': 4.0, 'TF': 0.0, 'TO': 3.0, 'DQ': 0.0, 'FGM': 14.0, 'FGA': 27.0, 'FTM': 4.0, 'FTA': 4.0, '3PM': 8.0, '3PA': 16.0, 'FG%': 0.51851852, 'FT%': 1.0, '3PT%': 0.5, 'AFG%': 0.66666667, 'FGMI': 13.0, 'FTMI': 0.0, '3PMI': 8.0, 'APG': 1.0, 'BPG': 0.0, 'MPG': 34.0, 'PPG': 20.0, 'RPG': 2.5, 'SPG': 0.5, 'TOPG': 1.5, '3PG': 4.0, 'PPM': 0.58823529, 'A/TO': 0.66666667, 'STR': 0.33333333, 'DD': 0.0, 'TD': 0.0, 'QD': 0.0, 'MIN': 68.0, 'GS': 2.0, 'GP': 2.0, 'TW': 2.0, 'FTR': 0.14814815}}"
8,TEAM TOO ICEY BOY 12 vs Team Boricua Squad,11,TEAM TOO ICEY BOY 12,home,Davion Mitchell,4278053,PG,PG,MIA,0,"{'applied_total': 0, 'applied_avg': 0, 'team': None, 'date': None, 'avg': None, 'total': {'PTS': 11.0, 'BLK': 0.0, 'STL': 1.0, 'AST': 9.0, 'OREB': 0.0, 'DREB': 2.0, 'REB': 2.0, 'EJ': 0.0, 'FF': 0.0, 'PF': 2.0, 'TF': 0.0, 'TO': 2.0, 'DQ': 0.0, 'FGM': 4.0, 'FGA': 8.0, 'FTM': 2.0, 'FTA': 2.0, '3PM': 1.0, '3PA': 2.0, 'FG%': 0.5, 'FT%': 1.0, '3PT%': 0.5, 'AFG%': 0.5625, 'FGMI': 4.0, 'FTMI': 0.0, '3PMI': 1.0, 'APG': 9.0, 'BPG': 0.0, 'MPG': 37.0, 'PPG': 11.0, 'RPG': 2.0, 'SPG': 1.0, 'TOPG': 2.0, '3PG': 1.0, 'PPM': 0.2972973, 'A/TO': 4.5, 'STR': 0.5, 'DD': 0.0, 'TD': 0.0, 'QD': 0.0, 'MIN': 37.0, 'GS': 1.0, 'GP': 1.0, 'TW': 0.0, 'FTR': 0.25}}"
8,TEAM TOO ICEY BOY 12 vs Team Boricua Squad,11,TEAM TOO ICEY BOY 12,home,Ajay Mitchell,4900671,PG,PG,OKC,0,"{'applied_total': 0, 'applied_avg': 0, 'team': None, 'date': None, 'avg': None, 'total': {'PTS': 9.0, 'BLK': 2.0, 'STL': 1.0, 'AST': 4.0, 'OREB': 0.0, 'DREB': 3.0, 'REB': 3.0, 'EJ': 0.0, 'FF': 0.0, 'PF': 0.0, 'TF': 0.0, 'TO': 1.0, 'DQ': 0.0, 'FGM': 3.0, 'FGA': 5.0, 'FTM': 2.0, 'FTA': 2.0, '3PM': 1.0, '3PA': 2.0, 'FG%': 0.6, 'FT%': 1.0, '3PT%': 0.5, 'AFG%': 0.7, 'FGMI': 2.0, 'FTMI': 0.0, '3PMI': 1.0, 'APG': 4.0, 'BPG': 2.0, 'MPG': 19.0, 'PPG': 9.0, 'RPG': 3.0, 'SPG': 1.0, 'TOPG': 1.0, '3PG': 1.0, 'PPM': 0.47368421, 'A/TO': 4.0, 'STR': 1.0, 'DD': 0.0, 'TD': 0.0, 'QD': 0.0, 'MIN': 19.0, 'GS': 0.0, 'GP': 1.0, 'TW': 1.0, 'FTR': 0.4}}"
8,TEAM TOO ICEY BOY 12 vs Team Boricua Squad,11,TEAM TOO ICEY BOY 12,home,Royce O'Neale,2583632,SF,PG,PHO,0,"{'applied_total': 0, 'applied_avg': 0, 'team': None, 'date': None, 'avg': None, 'total': {'PTS': 15.0, 'BLK': 1.0, 'STL': 4.0, 'AST': 6.0, 'OREB': 2.0, 'DREB': 10.0, 'REB': 12.0, 'EJ': 0.0, 'FF': 0.0, 'PF': 3.0, 'TF': 0.0, 'TO': 7.0, 'DQ': 0.0, 'FGM': 6.0, 'FGA': 13.0, 'FTM': 0.0, 'FTA': 0.0, '3PM': 3.0, '3PA': 8.0, 'FG%': 0.46153846, 'FT%': 0.0, '3PT%': 0.375, 'AFG%': 0.57692308, 'FGMI': 7.0, 'FTMI': 0.0, '3PMI': 5.0, 'APG': 3.0, 'BPG': 0.5, 'MPG': 29.5, 'PPG': 7.5, 'RPG': 6.0, 'SPG': 2.0, 'TOPG': 3.5, '3PG': 1.5, 'PPM': 0.25423729, 'A/TO': 0.85714286, 'STR': 0.57142857, 'DD': 0.0, 'TD': 0.0, 'QD': 0.0, 'MIN': 59.0, 'GS': 2.0, 'GP': 2.0, 'TW': 1.0, 'FTR': 0.0}}"
8,TEAM TOO ICEY BOY 12 vs Team Boricua Squad,11,TEAM TOO ICEY BOY 12,home,Karl-Anthony Towns,3136195,C,PG,NYK,0,"{'applied_total': 0, 'applied_avg': 0, 'team': None, 'date': None, 'avg': None, 'total': {'PTS': 14.0, 'BLK': 2.0, 'STL': 1.0, 'AST': 1.0, 'OREB': 5.0, 'DREB': 11.0, 'REB': 16.0, 'EJ': 0.0, 'FF': 0.0, 'PF': 4.0, 'TF': 0.0, 'TO': 1.0, 'DQ': 0.0, 'FGM': 4.0, 'FGA': 11.0, 'FTM': 5.0, 'FTA': 6.0, '3PM': 1.0, '3PA': 2.0, 'FG%': 0.36363636, 'FT%': 0.83333333, '3PT%': 0.5, 'AFG%': 0.40909091, 'FGMI': 7.0, 'FTMI': 1.0, '3PMI': 1.0, 'APG': 1.0, 'BPG': 2.0, 'MPG': 31.0, 'PPG': 14.0, 'RPG': 16.0, 'SPG': 1.0, 'TOPG': 1.0, '3PG': 1.0, 'PPM': 0.4516129, 'A/TO': 1.0, 'STR': 1.0, 'DD': 1.0, 'TD': 0.0, 'QD': 0.0, 'MIN': 31.0, 'GS': 1.0, 'GP': 1.0, 'TW': 1.0, 'FTR': 0.54545455}}"
8,TEAM TOO ICEY BOY 12 vs Team Boricua Squad,11,TEAM TOO ICEY BOY 12,home,Tyler Herro,4395725,SG,PG,MIA,0,"{'applied_total': 0, 'applied_avg': 0, 'team': None, 'date': None, 'avg': None, 'total': {'PTS': 20.0, 'BLK': 0.0, 'STL': 0.0, 'AST': 3.0, 'OREB': 0.0, 'DREB': 7.0, 'REB': 7.0, 'EJ': 0.0, 'FF': 0.0, 'PF': 2.0, 'TF': 0.0, 'TO': 1.0, 'DQ': 0.0, 'FGM': 7.0, 'FGA': 17.0, 'FTM': 6.0, 'FTA': 7.0, '3PM': 0.0, '3PA': 6.0, 'FG%': 0.41176471, 'FT%': 0.85714286, '3PT%': 0.0, 'AFG%': 0.41176471, 'FGMI': 10.0, 'FTMI': 1.0, '3PMI': 6.0, 'APG': 3.0, 'BPG': 0.0, 'MPG': 34.0, 'PPG': 20.0, 'RPG': 7.0, 'SPG': 0.0, 'TOPG': 1.0, '3PG': 0.0, 'PPM': 0.58823529, 'A/TO': 3.0, 'STR': 0.0, 'DD': 0.0, 'TD': 0.0, 'QD': 0.0, 'MIN': 34.0, 'GS': 1.0, 'GP': 1.0, 'TW': 0.0, 'FTR': 0.41176471}}"
8,TEAM TOO ICEY BOY 12 vs Team Boricua Squad,11,TEAM TOO ICEY BOY 12,home,Desmond Bane,4066320,SG,PG,ORL,0,"{'applied_total': 0, 'applied_avg': 0, 'team': None, 'date': None, 'avg': None, 'total': {'PTS': 37.0, 'BLK': 0.0, 'STL': 1.0, 'AST': 5.0, 'OREB': 1.0, 'DREB': 5.0, 'REB': 6.0, 'EJ': 0.0, 'FF': 0.0, 'PF': 4.0, 'TF': 0.0, 'TO': 1.0, 'DQ': 0.0, 'FGM': 14.0, 'FGA': 24.0, 'FTM': 3.0, 'FTA': 3.0, '3PM': 6.0, '3PA': 9.0, 'FG%': 0.58333333, 'FT%': 1.0, '3PT%': 0.66666667, 'AFG%': 0.70833333, 'FGMI': 10.0, 'FTMI': 0.0, '3PMI': 3.0, 'APG': 5.0, 'BPG': 0.0, 'MPG': 38.0, 'PPG': 37.0, 'RPG': 6.0, 'SPG': 1.0, 'TOPG': 1.0, '3PG': 6.0, 'PPM': 0.97368421, 'A/TO': 5.0, 'STR': 1.0, 'DD': 0.0, 'TD': 0.0, 'QD': 0.0, 'MIN': 38.0, 'GS': 1.0, 'GP': 1.0, 'TW': 1.0, 'FTR': 0.125}}"
8,TEAM TOO ICEY BOY 12 vs Team Boricua Squad,11,TEAM TOO ICEY BOY 12,home,Rudy Gobert,3032976,C,PG,MIN,0,"{'applied_total': 0, 'applied_avg': 0, 'team': None, 'date': None, 'avg': None, 'total': {'PTS': 15.0, 'BLK': 0.0, 'STL': 1.0, 'AST': 1.0, 'OREB': 5.0, 'DREB': 3.0, 'REB': 8.0, 'EJ': 1.0, 'FF': 1.0, 'PF': 2.0, 'TF': 0.0, 'TO': 0.0, 'DQ': 0.0, 'FGM': 7.0, 'FGA': 9.0, 'FTM': 1.0, 'FTA': 2.0, '3PM': 0.0, '3PA': 0.0, 'FG%': 0.77777778, 'FT%': 0.5, '3PT%': 0.0, 'AFG%': 0.77777778, 'FGMI': 2.0, 'FTMI': 1.0, '3PMI': 0.0, 'APG': 1.0, 'BPG': 0.0, 'MPG': 21.0, 'PPG': 15.0, 'RPG': 8.0, 'SPG': 1.0, 'TOPG': 0.0, '3PG': 0.0, 'PPM': 0.71428571, 'A/TO': 'Infinity', 'STR': 'Infinity', 'DD': 0.0, 'TD': 0.0, 'QD': 0.0, 'MIN': 21.0, 'GS': 1.0, 'GP': 1.0, 'TW': 0.0, 'FTR': 0.22222222}}"
8,TEAM TOO ICEY BOY 12 vs Team Boricua Squad,8,Team Boricua Squad,away,Jaime Jaquez Jr.,4432848,SF,PG,MIA,0,"{'applied_total': 0, 'applied_avg': 0, 'team': None, 'date': None, 'avg': None, 'total': {'PTS': 10.0, 'BLK': 0.0, 'STL': 0.0, 'AST': 3.0, 'OREB': 2.0, 'DREB': 1.0, 'REB': 3.0, 'EJ': 0.0, 'FF': 0.0, 'PF': 3.0, 'TF': 0.0, 'TO': 1.0, 'DQ': 0.0, 'FGM': 5.0, 'FGA': 12.0, 'FTM': 0.0, 'FTA': 0.0, '3PM': 0.0, '3PA': 1.0, 'FG%': 0.41666667, 'FT%': 0.0, '3PT%': 0.0, 'AFG%': 0.41666667, 'FGMI': 7.0, 'FTMI': 0.0, '3PMI': 1.0, 'APG': 3.0, 'BPG': 0.0, 'MPG': 24.0, 'PPG': 10.0, 'RPG': 3.0, 'SPG': 0.0, 'TOPG': 1.0, '3PG': 0.0, 'PPM': 0.41666667, 'A/TO': 3.0, 'STR': 0.0, 'DD': 0.0, 'TD': 0.0, 'QD': 0.0, 'MIN': 24.0, 'GS': 0.0, 'GP': 1.0, 'TW': 0.0, 'FTR': 0.0}}"
8,TEAM TOO ICEY BOY 12 vs Team Boricua Squad,8,Team Boricua Squad,away,Herbert Jones,4277813,SF,PG,NOP,0,"{'applied_total': 0, 'applied_avg': 0, 'team': None, 'date': None, 'avg': None, 'total': {'PTS': 17.0, 'BLK': 1.0, 'STL': 4.0, 'AST': 4.0, 'OREB': 2.0, 'DREB': 4.0, 'REB': 6.0, 'EJ': 0.0, 'FF': 0.0, 'PF': 4.0, 'TF': 0.0, 'TO': 0.0, 'DQ': 0.0, 'FGM': 6.0, 'FGA': 10.0, 'FTM': 5.0, 'FTA': 5.0, '3PM': 0.0, '3PA': 3.0, 'FG%': 0.6, 'FT%': 1.0, '3PT%': 0.0, 'AFG%': 0.6, 'FGMI': 4.0, 'FTMI': 0.0, '3PMI': 3.0, 'APG': 4.0, 'BPG': 1.0, 'MPG': 26.0, 'PPG': 17.0, 'RPG': 6.0, 'SPG': 4.0, 'TOPG': 0.0, '3PG': 0.0, 'PPM': 0.65384615, 'A/TO': 'Infinity', 'STR': 'Infinity', 'DD': 0.0, 'TD': 0.0, 'QD': 0.0, 'MIN': 26.0, 'GS': 1.0, 'GP': 1.0, 'TW': 0.0, 'FTR': 0.5}}"
8,TEAM TOO ICEY BOY 12 vs Team Boricua Squad,8,Team Boricua Squad,away,Luka Doncic,3945274,PG,PG,LAL,0,"{'applied_total': 0, 'applied_avg': 0, 'team': None, 'date': None, 'avg': None, 'total': {'PTS': 35.0, 'BLK': 0.0, 'STL': 1.0, 'AST': 8.0, 'OREB': 0.0, 'DREB': 5.0, 'REB': 5.0, 'EJ': 0.0, 'FF': 0.0, 'PF': 5.0, 'TF': 1.0, 'TO': 3.0, 'DQ': 0.0, 'FGM': 11.0, 'FGA': 24.0, 'FTM': 10.0, 'FTA': 14.0, '3PM': 3.0, '3PA': 8.0, 'FG%': 0.45833333, 'FT%': 0.71428571, '3PT%': 0.375, 'AFG%': 0.52083333, 'FGMI': 13.0, 'FTMI': 4.0, '3PMI': 5.0, 'APG': 8.0, 'BPG': 0.0, 'MPG': 41.0, 'PPG': 35.0, 'RPG': 5.0, 'SPG': 1.0, 'TOPG': 3.0, '3PG': 3.0, 'PPM': 0.85365854, 'A/TO': 2.66666667, 'STR': 0.33333333, 'DD': 0.0, 'TD': 0.0, 'QD': 0.0, 'MIN': 41.0, 'GS': 1.0, 'GP': 1.0, 'TW': 0.0, 'FTR': 0.58333333}}"
8,TEAM TOO ICEY BOY 12 vs Team Boricua Squad,8,Team Boricua Squad,away,Naz Reid,4396971,C,PG,MIN,0,"{'applied_total': 0, 'applied_avg': 0, 'team': None, 'date': None, 'avg': None, 'total': {'PTS': 6.0, 'BLK': 0.0, 'STL': 1.0, 'AST': 0.0, 'OREB': 1.0, 'DREB': 8.0, 'REB': 9.0, 'EJ': 0.0, 'FF': 0.0, 'PF': 0.0, 'TF': 0.0, 'TO': 1.0, 'DQ': 0.0, 'FGM': 2.0, 'FGA': 12.0, 'FTM': 0.0, 'FTA': 0.0, '3PM': 2.0, '3PA': 10.0, 'FG%': 0.16666667, 'FT%': 0.0, '3PT%': 0.2, 'AFG%': 0.25, 'FGMI': 10.0, 'FTMI': 0.0, '3PMI': 8.0, 'APG': 0.0, 'BPG': 0.0, 'MPG': 30.0, 'PPG': 6.0, 'RPG': 9.0, 'SPG': 1.0, 'TOPG': 1.0, '3PG': 2.0, 'PPM': 0.2, 'A/TO': 0.0, 'STR': 1.0, 'DD': 0.0, 'TD': 0.0, 'QD': 0.0, 'MIN': 30.0, 'GS': 0.0, 'GP': 1.0, 'TW': 0.0, 'FTR': 0.0}}"
8,TEAM TOO ICEY BOY 12 vs Team Boricua Squad,8,Team Boricua Squad,away,Josh Hart,3062679,SF,PG,NYK,0,"{'applied_total': 0, 'applied_avg': 0, 'team': None, 'date': None, 'avg': None, 'total': {'PTS': 21.0, 'BLK': 0.0, 'STL': 2.0, 'AST': 4.0, 'OREB': 1.0, 'DREB': 5.0, 'REB': 6.0, 'EJ': 0.0, 'FF': 0.0, 'PF': 0.0, 'TF': 0.0, 'TO': 3.0, 'DQ': 0.0, 'FGM': 8.0, 'FGA': 11.0, 'FTM': 1.0, 'FTA': 1.0, '3PM': 4.0, '3PA': 7.0, 'FG%': 0.72727273, 'FT%': 1.0, '3PT%': 0.57142857, 'AFG%': 0.90909091, 'FGMI': 3.0, 'FTMI': 0.0, '3PMI': 3.0, 'APG': 4.0, 'BPG': 0.0, 'MPG': 36.0, 'PPG': 21.0, 'RPG': 6.0, 'SPG': 2.0, 'TOPG': 3.0, '3PG': 4.0, 'PPM': 0.58333333, 'A/TO': 1.33333333, 'STR': 0.66666667, 'DD': 0.0, 'TD': 0.0, 'QD': 0.0, 'MIN': 36.0, 'GS': 1.0, 'GP': 1.0, 'TW': 1.0, 'FTR': 0.09090909}}"
8,TEAM TOO ICEY BOY 12 vs Team Boricua Squad,8,Team Boricua Squad,away,Jordan Clarkson,2528426,SG,PG,NYK,0,"{'applied_total': 0, 'applied_avg': 0, 'team': None, 'date': None, 'avg': None, 'total': {'PTS': 12.0, 'BLK': 0.0, 'STL': 0.0, 'AST': 0.0, 'OREB': 2.0, 'DREB': 1.0, 'REB': 3.0, 'EJ': 0.0, 'FF': 0.0, 'PF': 1.0, 'TF': 0.0, 'TO': 1.0, 'DQ': 0.0, 'FGM': 5.0, 'FGA': 10.0, 'FTM': 2.0, 'FTA': 4.0, '3PM': 0.0, '3PA': 1.0, 'FG%': 0.5, 'FT%': 0.5, '3PT%': 0.0, 'AFG%': 0.5, 'FGMI': 5.0, 'FTMI': 2.0, '3PMI': 1.0, 'APG': 0.0, 'BPG': 0.0, 'MPG': 26.0, 'PPG': 12.0, 'RPG': 3.0, 'SPG': 0.0, 'TOPG': 1.0, '3PG': 0.0, 'PPM': 0.46153846, 'A/TO': 0.0, 'STR': 0.0, 'DD': 0.0, 'TD': 0.0, 'QD': 0.0, 'MIN': 26.0, 'GS': 0.0, 'GP': 1.0, 'TW': 1.0, 'FTR': 0.4}}"
8,TEAM TOO ICEY BOY 12 vs Team Boricua Squad,8,Team Boricua Squad,away,Jalen Williams,4593803,PF,PG,OKC,0,"{'applied_total': 0, 'applied_avg': 0, 'team': None, 'date': None, 'avg': None, 'total': {'PTS': 15.0, 'BLK': 0.0, 'STL': 1.0, 'AST': 5.0, 'OREB': 0.0, 'DREB': 5.0, 'REB': 5.0, 'EJ': 0.0, 'FF': 0.0, 'PF': 1.0, 'TF': 0.0, 'TO': 3.0, 'DQ': 0.0, 'FGM': 5.0, 'FGA': 8.0, 'FTM': 4.0, 'FTA': 4.0, '3PM': 1.0, '3PA': 3.0, 'FG%': 0.625, 'FT%': 1.0, '3PT%': 0.33333333, 'AFG%': 0.6875, 'FGMI': 3.0, 'FTMI': 0.0, '3PMI': 2.0, 'APG': 5.0, 'BPG': 0.0, 'MPG': 23.0, 'PPG': 15.0, 'RPG': 5.0, 'SPG': 1.0, 'TOPG': 3.0, '3PG': 1.0, 'PPM': 0.65217391, 'A/TO': 1.66666667, 'STR': 0.33333333, 'DD': 0.0, 'TD': 0.0, 'QD': 0.0, 'MIN': 23.0, 'GS': 1.0, 'GP': 1.0, 'TW': 1.0, 'FTR': 0.5}}"
8,TEAM TOO ICEY BOY 12 vs Team Boricua Squad,8,Team Boricua Squad,away,Scottie Barnes,4433134,SF,PG,TOR,0,"{'applied_total': 0, 'applied_avg': 0, 'team': None, 'date': None, 'avg': None, 'total': {'PTS': 13.0, 'BLK': 0.0, 'STL': 2.0, 'AST': 4.0, 'OREB': 0.0, 'DREB': 5.0, 'REB': 5.0, 'EJ': 0.0, 'FF': 0.0, 'PF': 3.0, 'TF': 0.0, 'TO': 2.0, 'DQ': 0.0, 'FGM': 6.0, 'FGA': 18.0, 'FTM': 0.0, 'FTA': 0.0, '3PM': 1.0, '3PA': 6.0, 'FG%': 0.33333333, 'FT%': 0.0, '3PT%': 0.16666667, 'AFG%': 0.36111111, 'FGMI': 12.0, 'FTMI': 0.0, '3PMI': 5.0, 'APG': 4.0, 'BPG': 0.0, 'MPG': 37.0, 'PPG': 13.0, 'RPG': 5.0, 'SPG': 2.0, 'TOPG': 2.0, '3PG': 1.0, 'PPM': 0.35135135, 'A/TO': 2.0, 'STR': 1.0, 'DD': 0.0, 'TD': 0.0, 'QD': 0.0, 'MIN': 37.0, 'GS': 1.0, 'GP': 1.0, 'TW': 0.0, 'FTR': 0.0}}"
8,LF da broccoli vs KL2 LLC,19,LF da broccoli,home,OG Anunoby,3934719,SF,PG,NYK,0,"{'applied_total': 0, 'applied_avg': 0, 'team': None, 'date': None, 'avg': None, 'total': {'PTS': 13.0, 'BLK': 2.0, 'STL': 2.0, 'AST': 1.0, 'OREB': 1.0, 'DREB': 5.0, 'REB': 6.0, 'EJ': 0.0, 'FF': 0.0, 'PF': 3.0, 'TF': 0.0, 'TO': 3.0, 'DQ': 0.0, 'FGM': 4.0, 'FGA': 11.0, 'FTM': 4.0, 'FTA': 4.0, '3PM': 1.0, '3PA': 6.0, 'FG%': 0.36363636, 'FT%': 1.0, '3PT%': 0.16666667, 'AFG%': 0.40909091, 'FGMI': 7.0, 'FTMI': 0.0, '3PMI': 5.0, 'APG': 1.0, 'BPG': 2.0, 'MPG': 36.0, 'PPG': 13.0, 'RPG': 6.0, 'SPG': 2.0, 'TOPG': 3.0, '3PG': 1.0, 'PPM': 0.36111111, 'A/TO': 0.33333333, 'STR': 0.66666667, 'DD': 0.0, 'TD': 0.0, 'QD': 0.0, 'MIN': 36.0, 'GS': 1.0, 'GP': 1.0, 'TW': 1.0, 'FTR': 0.36363636}}"
8,LF da broccoli vs KL2 LLC,19,LF da broccoli,home,Chet Holmgren,4433255,C,PG,OKC,0,"{'applied_total': 0, 'applied_avg': 0, 'team': None, 'date': None, 'avg': None, 'total': {'PTS': 24.0, 'BLK': 3.0, 'STL': 0.0, 'AST': 2.0, 'OREB': 2.0, 'DREB': 6.0, 'REB': 8.0, 'EJ': 0.0, 'FF': 0.0, 'PF': 0.0, 'TF': 0.0, 'TO': 0.0, 'DQ': 0.0, 'FGM': 9.0, 'FGA': 13.0, 'FTM': 2.0, 'FTA': 3.0, '3PM': 4.0, '3PA': 4.0, 'FG%': 0.69230769, 'FT%': 0.66666667, '3PT%': 1.0, 'AFG%': 0.84615385, 'FGMI': 4.0, 'FTMI': 1.0, '3PMI': 0.0, 'APG': 2.0, 'BPG': 3.0, 'MPG': 25.0, 'PPG': 24.0, 'RPG': 8.0, 'SPG': 0.0, 'TOPG': 0.0, '3PG': 4.0, 'PPM': 0.96, 'A/TO': 'Infinity', 'STR': 0.0, 'DD': 0.0, 'TD': 0.0, 'QD': 0.0, 'MIN': 25.0, 'GS': 1.0, 'GP': 1.0, 'TW': 1.0, 'FTR': 0.23076923}}"
8,LF da broccoli vs KL2 LLC,19,LF da broccoli,home,Jaden McDaniels,4431671,SF,PG,MIN,0,"{'applied_total': 0, 'applied_avg': 0, 'team': None, 'date': None, 'avg': None, 'total': {'PTS': 4.0, 'BLK': 1.0, 'STL': 0.0, 'AST': 3.0, 'OREB': 2.0, 'DREB': 4.0, 'REB': 6.0, 'EJ': 0.0, 'FF': 0.0, 'PF': 3.0, 'TF': 0.0, 'TO': 1.0, 'DQ': 0.0, 'FGM': 1.0, 'FGA': 7.0, 'FTM': 2.0, 'FTA': 3.0, '3PM': 0.0, '3PA': 5.0, 'FG%': 0.14285714, 'FT%': 0.66666667, '3PT%': 0.0, 'AFG%': 0.14285714, 'FGMI': 6.0, 'FTMI': 1.0, '3PMI': 5.0, 'APG': 3.0, 'BPG': 1.0, 'MPG': 40.0, 'PPG': 4.0, 'RPG': 6.0, 'SPG': 0.0, 'TOPG': 1.0, '3PG': 0.0, 'PPM': 0.1, 'A/TO': 3.0, 'STR': 0.0, 'DD': 0.0, 'TD': 0.0, 'QD': 0.0, 'MIN': 40.0, 'GS': 1.0, 'GP': 1.0, 'TW': 0.0, 'FTR': 0.42857143}}"
8,LF da broccoli vs KL2 LLC,19,LF da broccoli,home,Ethan Thompson,4278516,SG,PG,IND,0,"{'applied_total': 0, 'applied_avg': 0, 'team': None, 'date': None, 'avg': None, 'total': {'PTS': 6.0, 'BLK': 0.0, 'STL': 2.0, 'AST': 0.0, 'OREB': 3.0, 'DREB': 2.0, 'REB': 5.0, 'EJ': 0.0, 'FF': 0.0, 'PF': 2.0, 'TF': 0.0, 'TO': 0.0, 'DQ': 0.0, 'FGM': 2.0, 'FGA': 4.0, 'FTM': 0.0, 'FTA': 0.0, '3PM': 2.0, '3PA': 3.0, 'FG%': 0.5, 'FT%': 0.0, '3PT%': 0.66666667, 'AFG%': 0.75, 'FGMI': 2.0, 'FTMI': 0.0, '3PMI': 1.0, 'APG': 0.0, 'BPG': 0.0, 'MPG': 28.0, 'PPG': 6.0, 'RPG': 5.0, 'SPG': 2.0, 'TOPG': 0.0, '3PG': 2.0, 'PPM': 0.21428571, 'A/TO': 0.0, 'STR': 'Infinity', 'DD': 0.0, 'TD': 0.0, 'QD': 0.0, 'MIN': 28.0, 'GS': 1.0, 'GP': 1.0, 'TW': 1.0, 'FTR': 0.0}}"
8,LF da broccoli vs KL2 LLC,19,LF da broccoli,home,Mikal Bridges,3147657,SF,PG,NYK,0,"{'applied_total': 0, 'applied_avg': 0, 'team': None, 'date': None, 'avg': None, 'total': {'PTS': 15.0, 'BLK': 1.0, 'STL': 2.0, 'AST': 4.0, 'OREB': 1.0, 'DREB': 4.0, 'REB': 5.0, 'EJ': 0.0, 'FF': 0.0, 'PF': 4.0, 'TF': 0.0, 'TO': 0.0, 'DQ': 0.0, 'FGM': 6.0, 'FGA': 14.0, 'FTM': 0.0, 'FTA': 0.0, '3PM': 3.0, '3PA': 8.0, 'FG%': 0.42857143, 'FT%': 0.0, '3PT%': 0.375, 'AFG%': 0.53571429, 'FGMI': 8.0, 'FTMI': 0.0, '3PMI': 5.0, 'APG': 4.0, 'BPG': 1.0, 'MPG': 36.0, 'PPG': 15.0, 'RPG': 5.0, 'SPG': 2.0, 'TOPG': 0.0, '3PG': 3.0, 'PPM': 0.41666667, 'A/TO': 'Infinity', 'STR': 'Infinity', 'DD': 0.0, 'TD': 0.0, 'QD': 0.0, 'MIN': 36.0, 'GS': 1.0, 'GP': 1.0, 'TW': 1.0, 'FTR': 0.0}}"
8,LF da broccoli vs KL2 LLC,19,LF da broccoli,home,Anthony Edwards,4594268,SG,PG,MIN,0,"{'applied_total': 0, 'applied_avg': 0, 'team': None, 'date': None, 'avg': None, 'total': {'PTS': 40.0, 'BLK': 0.0, 'STL': 1.0, 'AST': 2.0, 'OREB': 0.0, 'DREB': 9.0, 'REB': 9.0, 'EJ': 0.0, 'FF': 0.0, 'PF': 2.0, 'TF': 0.0, 'TO': 1.0, 'DQ': 0.0, 'FGM': 15.0, 'FGA': 21.0, 'FTM': 7.0, 'FTA': 9.0, '3PM': 3.0, '3PA': 7.0, 'FG%': 0.71428571, 'FT%': 0.77777778, '3PT%': 0.42857143, 'AFG%': 0.78571429, 'FGMI': 6.0, 'FTMI': 2.0, '3PMI': 4.0, 'APG': 2.0, 'BPG': 0.0, 'MPG': 38.0, 'PPG': 40.0, 'RPG': 9.0, 'SPG': 1.0, 'TOPG': 1.0, '3PG': 3.0, 'PPM': 1.05263158, 'A/TO': 2.0, 'STR': 1.0, 'DD': 0.0, 'TD': 0.0, 'QD': 0.0, 'MIN': 38.0, 'GS': 1.0, 'GP': 1.0, 'TW': 0.0, 'FTR': 0.42857143}}"
8,LF da broccoli vs KL2 LLC,10,KL2 LLC,away,Jalen Suggs,4432165,PG,PG,ORL,0,"{'applied_total': 0, 'applied_avg': 0, 'team': None, 'date': None, 'avg': None, 'total': {'PTS': 20.0, 'BLK': 0.0, 'STL': 2.0, 'AST': 4.0, 'OREB': 0.0, 'DREB': 3.0, 'REB': 3.0, 'EJ': 0.0, 'FF': 0.0, 'PF': 2.0, 'TF': 0.0, 'TO': 4.0, 'DQ': 0.0, 'FGM': 7.0, 'FGA': 13.0, 'FTM': 3.0, 'FTA': 4.0, '3PM': 3.0, '3PA': 8.0, 'FG%': 0.53846154, 'FT%': 0.75, '3PT%': 0.375, 'AFG%': 0.65384615, 'FGMI': 6.0, 'FTMI': 1.0, '3PMI': 5.0, 'APG': 4.0, 'BPG': 0.0, 'MPG': 31.0, 'PPG': 20.0, 'RPG': 3.0, 'SPG': 2.0, 'TOPG': 4.0, '3PG': 3.0, 'PPM': 0.64516129, 'A/TO': 1.0, 'STR': 0.5, 'DD': 0.0, 'TD': 0.0, 'QD': 0.0, 'MIN': 31.0, 'GS': 1.0, 'GP': 1.0, 'TW': 1.0, 'FTR': 0.30769231}}"
8,LF da broccoli vs KL2 LLC,10,KL2 LLC,away,Keldon Johnson,4395723,SF,PG,SAS,0,"{'applied_total': 0, 'applied_avg': 0, 'team': None, 'date': None, 'avg': None, 'total': {'PTS': 12.0, 'BLK': 0.0, 'STL': 0.0, 'AST': 2.0, 'OREB': 3.0, 'DREB': 3.0, 'REB': 6.0, 'EJ': 0.0, 'FF': 0.0, 'PF': 3.0, 'TF': 0.0, 'TO': 0.0, 'DQ': 0.0, 'FGM': 5.0, 'FGA': 8.0, 'FTM': 1.0, 'FTA': 2.0, '3PM': 1.0, '3PA': 1.0, 'FG%': 0.625, 'FT%': 0.5, '3PT%': 1.0, 'AFG%': 0.6875, 'FGMI': 3.0, 'FTMI': 1.0, '3PMI': 0.0, 'APG': 2.0, 'BPG': 0.0, 'MPG': 17.0, 'PPG': 12.0, 'RPG': 6.0, 'SPG': 0.0, 'TOPG': 0.0, '3PG': 1.0, 'PPM': 0.70588235, 'A/TO': 'Infinity', 'STR': 0.0, 'DD': 0.0, 'TD': 0.0, 'QD': 0.0, 'MIN': 17.0, 'GS': 0.0, 'GP': 1.0, 'TW': 1.0, 'FTR': 0.25}}"
8,LF da broccoli vs KL2 LLC,10,KL2 LLC,away,Collin Gillespie,4278585,PG,PG,PHO,0,"{'applied_total': 0, 'applied_avg': 0, 'team': None, 'date': None, 'avg': None, 'total': {'PTS': 21.0, 'BLK': 1.0, 'STL': 3.0, 'AST': 7.0, 'OREB': 3.0, 'DREB': 7.0, 'REB': 10.0, 'EJ': 0.0, 'FF': 0.0, 'PF': 1.0, 'TF': 0.0, 'TO': 5.0, 'DQ': 0.0, 'FGM': 7.0, 'FGA': 20.0, 'FTM': 4.0, 'FTA': 4.0, '3PM': 3.0, '3PA': 8.0, 'FG%': 0.35, 'FT%': 1.0, '3PT%': 0.375, 'AFG%': 0.425, 'FGMI': 13.0, 'FTMI': 0.0, '3PMI': 5.0, 'APG': 3.5, 'BPG': 0.5, 'MPG': 29.5, 'PPG': 10.5, 'RPG': 5.0, 'SPG': 1.5, 'TOPG': 2.5, '3PG': 1.5, 'PPM': 0.3559322, 'A/TO': 1.4, 'STR': 0.6, 'DD': 0.0, 'TD': 0.0, 'QD': 0.0, 'MIN': 59.0, 'GS': 2.0, 'GP': 2.0, 'TW': 1.0, 'FTR': 0.2}}"
8,LF da broccoli vs KL2 LLC,10,KL2 LLC,away,Isaiah Jackson,4432170,PF,PG,IND,0,"{'applied_total': 0, 'applied_avg': 0, 'team': None, 'date': None, 'avg': None, 'total': {'PTS': 0.0, 'BLK': 2.0, 'STL': 3.0, 'AST': 0.0, 'OREB': 2.0, 'DREB': 5.0, 'REB': 7.0, 'EJ': 0.0, 'FF': 0.0, 'PF': 3.0, 'TF': 0.0, 'TO': 2.0, 'DQ': 0.0, 'FGM': 0.0, 'FGA': 2.0, 'FTM': 0.0, 'FTA': 0.0, '3PM': 0.0, '3PA': 0.0, 'FG%': 0.0, 'FT%': 0.0, '3PT%': 0.0, 'AFG%': 0.0, 'FGMI': 2.0, 'FTMI': 0.0, '3PMI': 0.0, 'APG': 0.0, 'BPG': 2.0, 'MPG': 17.0, 'PPG': 0.0, 'RPG': 7.0, 'SPG': 3.0, 'TOPG': 2.0, '3PG': 0.0, 'A/TO': 0.0, 'STR': 1.5, 'DD': 0.0, 'TD': 0.0, 'QD': 0.0, 'MIN': 17.0, 'GS': 0.0, 'GP': 1.0, 'TW': 1.0, 'FTR': 0.0}}"
8,LF da broccoli vs KL2 LLC,10,KL2 LLC,away,Derik Queen,4869780,C,PG,NOP,0,"{'applied_total': 0, 'applied_avg': 0, 'team': None, 'date': None, 'avg': None, 'total': {'PTS': 33.0, 'BLK': 4.0, 'STL': 0.0, 'AST': 10.0, 'OREB': 0.0, 'DREB': 10.0, 'REB': 10.0, 'EJ': 0.0, 'FF': 0.0, 'PF': 3.0, 'TF': 0.0, 'TO': 4.0, 'DQ': 0.0, 'FGM': 11.0, 'FGA': 15.0, 'FTM': 11.0, 'FTA': 13.0, '3PM': 0.0, '3PA': 1.0, 'FG%': 0.73333333, 'FT%': 0.84615385, '3PT%': 0.0, 'AFG%': 0.73333333, 'FGMI': 4.0, 'FTMI': 2.0, '3PMI': 1.0, 'APG': 10.0, 'BPG': 4.0, 'MPG': 33.0, 'PPG': 33.0, 'RPG': 10.0, 'SPG': 0.0, 'TOPG': 4.0, '3PG': 0.0, 'PPM': 1.0, 'A/TO': 2.5, 'STR': 0.0, 'DD': 1.0, 'TD': 1.0, 'QD': 0.0, 'MIN': 33.0, 'GS': 1.0, 'GP': 1.0, 'TW': 0.0, 'FTR': 0.86666667}}"
8,Enter the Dragon vs Team Menyo,14,Enter the Dragon,home,Bennedict Mathurin,4683634,SF,PG,IND,0,"{'applied_total': 0, 'applied_avg': 0, 'team': None, 'date': None, 'avg': None, 'total': {'PTS': 25.0, 'BLK': 0.0, 'STL': 1.0, 'AST': 2.0, 'OREB': 0.0, 'DREB': 6.0, 'REB': 6.0, 'EJ': 0.0, 'FF': 1.0, 'PF': 3.0, 'TF': 0.0, 'TO': 1.0, 'DQ': 0.0, 'FGM': 7.0, 'FGA': 14.0, 'FTM': 7.0, 'FTA': 7.0, '3PM': 4.0, '3PA': 9.0, 'FG%': 0.5, 'FT%': 1.0, '3PT%': 0.44444444, 'AFG%': 0.64285714, 'FGMI': 7.0, 'FTMI': 0.0, '3PMI': 5.0, 'APG': 2.0, 'BPG': 0.0, 'MPG': 35.0, 'PPG': 25.0, 'RPG': 6.0, 'SPG': 1.0, 'TOPG': 1.0, '3PG': 4.0, 'PPM': 0.71428571, 'A/TO': 2.0, 'STR': 1.0, 'DD': 0.0, 'TD': 0.0, 'QD': 0.0, 'MIN': 35.0, 'GS': 1.0, 'GP': 1.0, 'TW': 1.0, 'FTR': 0.5}}"
8,Enter the Dragon vs Team Menyo,14,Enter the Dragon,home,Anthony Black,4712849,PG,PG,ORL,0,"{'applied_total': 0, 'applied_avg': 0, 'team': None, 'date': None, 'avg': None, 'total': {'PTS': 10.0, 'BLK': 1.0, 'STL': 1.0, 'AST': 7.0, 'OREB': 1.0, 'DREB': 2.0, 'REB': 3.0, 'EJ': 0.0, 'FF': 0.0, 'PF': 3.0, 'TF': 0.0, 'TO': 2.0, 'DQ': 0.0, 'FGM': 5.0, 'FGA': 15.0, 'FTM': 0.0, 'FTA': 0.0, '3PM': 0.0, '3PA': 2.0, 'FG%': 0.33333333, 'FT%': 0.0, '3PT%': 0.0, 'AFG%': 0.33333333, 'FGMI': 10.0, 'FTMI': 0.0, '3PMI': 2.0, 'APG': 7.0, 'BPG': 1.0, 'MPG': 34.0, 'PPG': 10.0, 'RPG': 3.0, 'SPG': 1.0, 'TOPG': 2.0, '3PG': 0.0, 'PPM': 0.29411765, 'A/TO': 3.5, 'STR': 0.5, 'DD': 0.0, 'TD': 0.0, 'QD': 0.0, 'MIN': 34.0, 'GS': 1.0, 'GP': 1.0, 'TW': 1.0, 'FTR': 0.0}}"
8,Enter the Dragon vs Team Menyo,14,Enter the Dragon,home,Russell Westbrook,3468,PG,PG,SAC,0,"{'applied_total': 0, 'applied_avg': 0, 'team': None, 'date': None, 'avg': None, 'total': {'PTS': 24.0, 'BLK': 1.0, 'STL': 2.0, 'AST': 14.0, 'OREB': 2.0, 'DREB': 10.0, 'REB': 12.0, 'EJ': 0.0, 'FF': 0.0, 'PF': 2.0, 'TF': 0.0, 'TO': 3.0, 'DQ': 0.0, 'FGM': 10.0, 'FGA': 16.0, 'FTM': 2.0, 'FTA': 4.0, '3PM': 2.0, '3PA': 3.0, 'FG%': 0.625, 'FT%': 0.5, '3PT%': 0.66666667, 'AFG%': 0.6875, 'FGMI': 6.0, 'FTMI': 2.0, '3PMI': 1.0, 'APG': 14.0, 'BPG': 1.0, 'MPG': 40.0, 'PPG': 24.0, 'RPG': 12.0, 'SPG': 2.0, 'TOPG': 3.0, '3PG': 2.0, 'PPM': 0.6, 'A/TO': 4.66666667, 'STR': 0.66666667, 'DD': 1.0, 'TD': 1.0, 'QD': 0.0, 'MIN': 40.0, 'GS': 1.0, 'GP': 1.0, 'TW': 0.0, 'FTR': 0.25}}"
8,Enter the Dragon vs Team Menyo,14,Enter the Dragon,home,Goga Bitadze,4348700,C,PG,ORL,0,"{'applied_total': 0, 'applied_avg': 0, 'team': None, 'date': None, 'avg': None, 'total': {'PTS': 7.0, 'BLK': 2.0, 'STL': 0.0, 'AST': 1.0, 'OREB': 1.0, 'DREB': 5.0, 'REB': 6.0, 'EJ': 0.0, 'FF': 0.0, 'PF': 2.0, 'TF': 0.0, 'TO': 2.0, 'DQ': 0.0, 'FGM': 3.0, 'FGA': 4.0, 'FTM': 1.0, 'FTA': 1.0, '3PM': 0.0, '3PA': 0.0, 'FG%': 0.75, 'FT%': 1.0, '3PT%': 0.0, 'AFG%': 0.75, 'FGMI': 1.0, 'FTMI': 0.0, '3PMI': 0.0, 'APG': 1.0, 'BPG': 2.0, 'MPG': 17.0, 'PPG': 7.0, 'RPG': 6.0, 'SPG': 0.0, 'TOPG': 2.0, '3PG': 0.0, 'PPM': 0.41176471, 'A/TO': 0.5, 'STR': 0.0, 'DD': 0.0, 'TD': 0.0, 'QD': 0.0, 'MIN': 17.0, 'GS': 0.0, 'GP': 1.0, 'TW': 1.0, 'FTR': 0.25}}"
8,Enter the Dragon vs Team Menyo,14,Enter the Dragon,home,Stephon Castle,4845367,PG,PG,SAS,0,"{'applied_total': 0, 'applied_avg': 0, 'team': None, 'date': None, 'avg': None, 'total': {'PTS': 48.0, 'BLK': 0.0, 'STL': 0.0, 'AST': 11.0, 'OREB': 4.0, 'DREB': 11.0, 'REB': 15.0, 'EJ': 0.0, 'FF': 0.0, 'PF': 8.0, 'TF': 0.0, 'TO': 7.0, 'DQ': 0.0, 'FGM': 15.0, 'FGA': 29.0, 'FTM': 14.0, 'FTA': 17.0, '3PM': 4.0, '3PA': 8.0, 'FG%': 0.51724138, 'FT%': 0.82352941, '3PT%': 0.5, 'AFG%': 0.5862069, 'FGMI': 14.0, 'FTMI': 3.0, '3PMI': 4.0, 'APG': 5.5, 'BPG': 0.0, 'MPG': 25.0, 'PPG': 24.0, 'RPG': 7.5, 'SPG': 0.0, 'TOPG': 3.5, '3PG': 2.0, 'PPM': 0.96, 'A/TO': 1.57142857, 'STR': 0.0, 'DD': 1.0, 'TD': 0.0, 'QD': 0.0, 'MIN': 50.0, 'GS': 2.0, 'GP': 2.0, 'TW': 2.0, 'FTR': 0.5862069}}"
8,Enter the Dragon vs Team Menyo,16,Team Menyo,away,Andrew Nembhard,4395712,PG,PG,IND,0,"{'applied_total': 0, 'applied_avg': 0, 'team': None, 'date': None, 'avg': None, 'total': {'PTS': 28.0, 'BLK': 0.0, 'STL': 2.0, 'AST': 12.0, 'OREB': 0.0, 'DREB': 4.0, 'REB': 4.0, 'EJ': 0.0, 'FF': 0.0, 'PF': 3.0, 'TF': 0.0, 'TO': 3.0, 'DQ': 0.0, 'FGM': 10.0, 'FGA': 18.0, 'FTM': 6.0, 'FTA': 8.0, '3PM': 2.0, '3PA': 4.0, 'FG%': 0.55555556, 'FT%': 0.75, '3PT%': 0.5, 'AFG%': 0.61111111, 'FGMI': 8.0, 'FTMI': 2.0, '3PMI': 2.0, 'APG': 12.0, 'BPG': 0.0, 'MPG': 33.0, 'PPG': 28.0, 'RPG': 4.0, 'SPG': 2.0, 'TOPG': 3.0, '3PG': 2.0, 'PPM': 0.84848485, 'A/TO': 4.0, 'STR': 0.66666667, 'DD': 1.0, 'TD': 0.0, 'QD': 0.0, 'MIN': 33.0, 'GS': 1.0, 'GP': 1.0, 'TW': 1.0, 'FTR': 0.44444444}}"
8,Enter the Dragon vs Team Menyo,16,Team Menyo,away,Dillon Brooks,3155526,SF,PG,PHO,0,"{'applied_total': 0, 'applied_avg': 0, 'team': None, 'date': None, 'avg': None, 'total': {'PTS': 34.0, 'BLK': 0.0, 'STL': 0.0, 'AST': 3.0, 'OREB': 0.0, 'DREB': 4.0, 'REB': 4.0, 'EJ': 0.0, 'FF': 0.0, 'PF': 3.0, 'TF': 0.0, 'TO': 2.0, 'DQ': 0.0, 'FGM': 11.0, 'FGA': 36.0, 'FTM': 8.0, 'FTA': 11.0, '3PM': 4.0, '3PA': 13.0, 'FG%': 0.30555556, 'FT%': 0.72727273, '3PT%': 0.30769231, 'AFG%': 0.36111111, 'FGMI': 25.0, 'FTMI': 3.0, '3PMI': 9.0, 'APG': 1.5, 'BPG': 0.0, 'MPG': 28.5, 'PPG': 17.0, 'RPG': 2.0, 'SPG': 0.0, 'TOPG': 1.0, '3PG': 2.0, 'PPM': 0.59649123, 'A/TO': 1.5, 'STR': 0.0, 'DD': 0.0, 'TD': 0.0, 'QD': 0.0, 'MIN': 57.0, 'GS': 2.0, 'GP': 2.0, 'TW': 1.0, 'FTR': 0.30555556}}"
8,Enter the Dragon vs Team Menyo,16,Team Menyo,away,De'Aaron Fox,4066259,PG,PG,SAS,0,"{'applied_total': 0, 'applied_avg': 0, 'team': None, 'date': None, 'avg': None, 'total': {'PTS': 34.0, 'BLK': 0.0, 'STL': 3.0, 'AST': 10.0, 'OREB': 0.0, 'DREB': 8.0, 'REB': 8.0, 'EJ': 0.0, 'FF': 0.0, 'PF': 1.0, 'TF': 0.0, 'TO': 5.0, 'DQ': 0.0, 'FGM': 12.0, 'FGA': 28.0, 'FTM': 4.0, 'FTA': 4.0, '3PM': 6.0, '3PA': 13.0, 'FG%': 0.42857143, 'FT%': 1.0, '3PT%': 0.46153846, 'AFG%': 0.53571429, 'FGMI': 16.0, 'FTMI': 0.0, '3PMI': 7.0, 'APG': 5.0, 'BPG': 0.0, 'MPG': 30.5, 'PPG': 17.0, 'RPG': 4.0, 'SPG': 1.5, 'TOPG': 2.5, '3PG': 3.0, 'PPM': 0.55737705, 'A/TO': 2.0, 'STR': 0.6, 'DD': 0.0, 'TD': 0.0, 'QD': 0.0, 'MIN': 61.0, 'GS': 2.0, 'GP': 2.0, 'TW': 2.0, 'FTR': 0.14285714}}"
8,Jay Stat vs Team perez,5,Jay Stat,home,Shai Gilgeous-Alexander,4278073,PG,PG,OKC,0,"{'applied_total': 0, 'applied_avg': 0, 'team': None, 'date': None, 'avg': None, 'total': {'PTS': 28.0, 'BLK': 1.0, 'STL': 2.0, 'AST': 8.0, 'OREB': 0.0, 'DREB': 2.0, 'REB': 2.0, 'EJ': 0.0, 'FF': 0.0, 'PF': 0.0, 'TF': 0.0, 'TO': 4.0, 'DQ': 0.0, 'FGM': 11.0, 'FGA': 15.0, 'FTM': 3.0, 'FTA': 3.0, '3PM': 3.0, '3PA': 4.0, 'FG%': 0.73333333, 'FT%': 1.0, '3PT%': 0.75, 'AFG%': 0.83333333, 'FGMI': 4.0, 'FTMI': 0.0, '3PMI': 1.0, 'APG': 8.0, 'BPG': 1.0, 'MPG': 27.0, 'PPG': 28.0, 'RPG': 2.0, 'SPG': 2.0, 'TOPG': 4.0, '3PG': 3.0, 'PPM': 1.03703704, 'A/TO': 2.0, 'STR': 0.5, 'DD': 0.0, 'TD': 0.0, 'QD': 0.0, 'MIN': 27.0, 'GS': 1.0, 'GP': 1.0, 'TW': 1.0, 'FTR': 0.2}}"
8,Jay Stat vs Team perez,5,Jay Stat,home,Julian Champagnie,4592479,SF,PG,SAS,0,"{'applied_total': 0, 'applied_avg': 0, 'team': None, 'date': None, 'avg': None, 'total': {'PTS': 33.0, 'BLK': 1.0, 'STL': 3.0, 'AST': 5.0, 'OREB': 2.0, 'DREB': 11.0, 'REB': 13.0, 'EJ': 0.0, 'FF': 0.0, 'PF': 5.0, 'TF': 0.0, 'TO': 1.0, 'DQ': 0.0, 'FGM': 11.0, 'FGA': 17.0, 'FTM': 4.0, 'FTA': 4.0, '3PM': 7.0, '3PA': 13.0, 'FG%': 0.64705882, 'FT%': 1.0, '3PT%': 0.53846154, 'AFG%': 0.85294118, 'FGMI': 6.0, 'FTMI': 0.0, '3PMI': 6.0, 'APG': 2.5, 'BPG': 0.5, 'MPG': 29.0, 'PPG': 16.5, 'RPG': 6.5, 'SPG': 1.5, 'TOPG': 0.5, '3PG': 3.5, 'PPM': 0.56896552, 'A/TO': 5.0, 'STR': 3.0, 'DD': 0.0, 'TD': 0.0, 'QD': 0.0, 'MIN': 58.0, 'GS': 0.0, 'GP': 2.0, 'TW': 2.0, 'FTR': 0.23529412}}"
8,Jay Stat vs Team perez,5,Jay Stat,home,Kel'el Ware,5105623,C,PG,MIA,0,"{'applied_total': 0, 'applied_avg': 0, 'team': None, 'date': None, 'avg': None, 'total': {'PTS': 4.0, 'BLK': 1.0, 'STL': 0.0, 'AST': 0.0, 'OREB': 3.0, 'DREB': 3.0, 'REB': 6.0, 'EJ': 0.0, 'FF': 0.0, 'PF': 2.0, 'TF': 0.0, 'TO': 0.0, 'DQ': 0.0, 'FGM': 1.0, 'FGA': 1.0, 'FTM': 2.0, 'FTA': 2.0, '3PM': 0.0, '3PA': 0.0, 'FG%': 1.0, 'FT%': 1.0, '3PT%': 0.0, 'AFG%': 1.0, 'FGMI': 0.0, 'FTMI': 0.0, '3PMI': 0.0, 'APG': 0.0, 'BPG': 1.0, 'MPG': 12.0, 'PPG': 4.0, 'RPG': 6.0, 'SPG': 0.0, 'TOPG': 0.0, '3PG': 0.0, 'PPM': 0.33333333, 'A/TO': 0.0, 'STR': 0.0, 'DD': 0.0, 'TD': 0.0, 'QD': 0.0, 'MIN': 12.0, 'GS': 0.0, 'GP': 1.0, 'TW': 0.0, 'FTR': 2.0}}"
8,Jay Stat vs Team perez,5,Jay Stat,home,Paolo Banchero,4432573,PF,PG,ORL,0,"{'applied_total': 0, 'applied_avg': 0, 'team': None, 'date': None, 'avg': None, 'total': {'PTS': 18.0, 'BLK': 1.0, 'STL': 0.0, 'AST': 4.0, 'OREB': 1.0, 'DREB': 6.0, 'REB': 7.0, 'EJ': 0.0, 'FF': 0.0, 'PF': 3.0, 'TF': 0.0, 'TO': 3.0, 'DQ': 0.0, 'FGM': 5.0, 'FGA': 13.0, 'FTM': 6.0, 'FTA': 7.0, '3PM': 2.0, '3PA': 5.0, 'FG%': 0.38461538, 'FT%': 0.85714286, '3PT%': 0.4, 'AFG%': 0.46153846, 'FGMI': 8.0, 'FTMI': 1.0, '3PMI': 3.0, 'APG': 4.0, 'BPG': 1.0, 'MPG': 32.0, 'PPG': 18.0, 'RPG': 7.0, 'SPG': 0.0, 'TOPG': 3.0, '3PG': 2.0, 'PPM': 0.5625, 'A/TO': 1.33333333, 'STR': 0.0, 'DD': 0.0, 'TD': 0.0, 'QD': 0.0, 'MIN': 32.0, 'GS': 1.0, 'GP': 1.0, 'TW': 1.0, 'FTR': 0.53846154}}"
8,Jay Stat vs Team perez,18,Team perez,away,Dylan Harper,5037871,PG,PG,SAS,0,"{'applied_total': 0, 'applied_avg': 0, 'team': None, 'date': None, 'avg': None, 'total': {'PTS': 35.0, 'BLK': 0.0, 'STL': 1.0, 'AST': 9.0, 'OREB': 1.0, 'DREB': 5.0, 'REB': 6.0, 'EJ': 0.0, 'FF': 0.0, 'PF': 5.0, 'TF': 0.0, 'TO': 4.0, 'DQ': 0.0, 'FGM': 16.0, 'FGA': 28.0, 'FTM': 2.0, 'FTA': 4.0, '3PM': 1.0, '3PA': 4.0, 'FG%': 0.57142857, 'FT%': 0.5, '3PT%': 0.25, 'AFG%': 0.58928571, 'FGMI': 12.0, 'FTMI': 2.0, '3PMI': 3.0, 'APG': 4.5, 'BPG': 0.0, 'MPG': 23.0, 'PPG': 17.5, 'RPG': 3.0, 'SPG': 0.5, 'TOPG': 2.0, '3PG': 0.5, 'PPM': 0.76086957, 'A/TO': 2.25, 'STR': 0.25, 'DD': 0.0, 'TD': 0.0, 'QD': 0.0, 'MIN': 46.0, 'GS': 0.0, 'GP': 2.0, 'TW': 2.0, 'FTR': 0.14285714}}"
8,Jay Stat vs Team perez,18,Team perez,away,Saddiq Bey,4397136,SF,PG,NOP,0,"{'applied_total': 0, 'applied_avg': 0, 'team': None, 'date': None, 'avg': None, 'total': {'PTS': 17.0, 'BLK': 0.0, 'STL': 0.0, 'AST': 2.0, 'OREB': 1.0, 'DREB': 5.0, 'REB': 6.0, 'EJ': 0.0, 'FF': 0.0, 'PF': 1.0, 'TF': 0.0, 'TO': 0.0, 'DQ': 0.0, 'FGM': 7.0, 'FGA': 11.0, 'FTM': 2.0, 'FTA': 2.0, '3PM': 1.0, '3PA': 3.0, 'FG%': 0.63636364, 'FT%': 1.0, '3PT%': 0.33333333, 'AFG%': 0.68181818, 'FGMI': 4.0, 'FTMI': 0.0, '3PMI': 2.0, 'APG': 2.0, 'BPG': 0.0, 'MPG': 36.0, 'PPG': 17.0, 'RPG': 6.0, 'SPG': 0.0, 'TOPG': 0.0, '3PG': 1.0, 'PPM': 0.47222222, 'A/TO': 'Infinity', 'STR': 0.0, 'DD': 0.0, 'TD': 0.0, 'QD': 0.0, 'MIN': 36.0, 'GS': 1.0, 'GP': 1.0, 'TW': 0.0, 'FTR': 0.18181818}}"
8,Jay Stat vs Team perez,18,Team perez,away,Bam Adebayo,4066261,C,PG,MIA,0,"{'applied_total': 0, 'applied_avg': 0, 'team': None, 'date': None, 'avg': None, 'total': {'PTS': 19.0, 'BLK': 3.0, 'STL': 1.0, 'AST': 2.0, 'OREB': 1.0, 'DREB': 7.0, 'REB': 8.0, 'EJ': 0.0, 'FF': 0.0, 'PF': 1.0, 'TF': 0.0, 'TO': 0.0, 'DQ': 0.0, 'FGM': 7.0, 'FGA': 14.0, 'FTM': 5.0, 'FTA': 6.0, '3PM': 0.0, '3PA': 3.0, 'FG%': 0.5, 'FT%': 0.83333333, '3PT%': 0.0, 'AFG%': 0.5, 'FGMI': 7.0, 'FTMI': 1.0, '3PMI': 3.0, 'APG': 2.0, 'BPG': 3.0, 'MPG': 36.0, 'PPG': 19.0, 'RPG': 8.0, 'SPG': 1.0, 'TOPG': 0.0, '3PG': 0.0, 'PPM': 0.52777778, 'A/TO': 'Infinity', 'STR': 'Infinity', 'DD': 0.0, 'TD': 0.0, 'QD': 0.0, 'MIN': 36.0, 'GS': 1.0, 'GP': 1.0, 'TW': 0.0, 'FTR': 0.42857143}}"
8,IN MAMBA WE TRUST vs Nadim the Dream,12,IN MAMBA WE TRUST,home,Brandon Ingram,3913176,SF,PG,TOR,0,"{'applied_total': 0, 'applied_avg': 0, 'team': None, 'date': None, 'avg': None, 'total': {'PTS': 31.0, 'BLK': 0.0, 'STL': 2.0, 'AST': 6.0, 'OREB': 0.0, 'DREB': 6.0, 'REB': 6.0, 'EJ': 0.0, 'FF': 0.0, 'PF': 1.0, 'TF': 0.0, 'TO': 3.0, 'DQ': 0.0, 'FGM': 11.0, 'FGA': 18.0, 'FTM': 6.0, 'FTA': 8.0, '3PM': 3.0, '3PA': 5.0, 'FG%': 0.61111111, 'FT%': 0.75, '3PT%': 0.6, 'AFG%': 0.69444444, 'FGMI': 7.0, 'FTMI': 2.0, '3PMI': 2.0, 'APG': 6.0, 'BPG': 0.0, 'MPG': 39.0, 'PPG': 31.0, 'RPG': 6.0, 'SPG': 2.0, 'TOPG': 3.0, '3PG': 3.0, 'PPM': 0.79487179, 'A/TO': 2.0, 'STR': 0.66666667, 'DD': 0.0, 'TD': 0.0, 'QD': 0.0, 'MIN': 39.0, 'GS': 1.0, 'GP': 1.0, 'TW': 0.0, 'FTR': 0.44444444}}"
8,IN MAMBA WE TRUST vs Nadim the Dream,12,IN MAMBA WE TRUST,home,Jakob Poeltl,3134908,C,PG,TOR,0,"{'applied_total': 0, 'applied_avg': 0, 'team': None, 'date': None, 'avg': None, 'total': {'PTS': 10.0, 'BLK': 0.0, 'STL': 2.0, 'AST': 3.0, 'OREB': 4.0, 'DREB': 5.0, 'REB': 9.0, 'EJ': 0.0, 'FF': 0.0, 'PF': 3.0, 'TF': 0.0, 'TO': 2.0, 'DQ': 0.0, 'FGM': 5.0, 'FGA': 7.0, 'FTM': 0.0, 'FTA': 0.0, '3PM': 0.0, '3PA': 0.0, 'FG%': 0.71428571, 'FT%': 0.0, '3PT%': 0.0, 'AFG%': 0.71428571, 'FGMI': 2.0, 'FTMI': 0.0, '3PMI': 0.0, 'APG': 3.0, 'BPG': 0.0, 'MPG': 25.0, 'PPG': 10.0, 'RPG': 9.0, 'SPG': 2.0, 'TOPG': 2.0, '3PG': 0.0, 'PPM': 0.4, 'A/TO': 1.5, 'STR': 1.0, 'DD': 0.0, 'TD': 0.0, 'QD': 0.0, 'MIN': 25.0, 'GS': 1.0, 'GP': 1.0, 'TW': 0.0, 'FTR': 0.0}}"
8,IN MAMBA WE TRUST vs Nadim the Dream,12,IN MAMBA WE TRUST,home,Mark Williams,4701232,C,PG,PHO,0,"{'applied_total': 0, 'applied_avg': 0, 'team': None, 'date': None, 'avg': None, 'total': {'PTS': 31.0, 'BLK': 0.0, 'STL': 3.0, 'AST': 4.0, 'OREB': 4.0, 'DREB': 8.0, 'REB': 12.0, 'EJ': 0.0, 'FF': 1.0, 'PF': 4.0, 'TF': 0.0, 'TO': 0.0, 'DQ': 0.0, 'FGM': 9.0, 'FGA': 14.0, 'FTM': 12.0, 'FTA': 16.0, '3PM': 1.0, '3PA': 1.0, 'FG%': 0.64285714, 'FT%': 0.75, '3PT%': 1.0, 'AFG%': 0.67857143, 'FGMI': 5.0, 'FTMI': 4.0, '3PMI': 0.0, 'APG': 2.0, 'BPG': 0.0, 'MPG': 24.0, 'PPG': 15.5, 'RPG': 6.0, 'SPG': 1.5, 'TOPG': 0.0, '3PG': 0.5, 'PPM': 0.64583333, 'A/TO': 'Infinity', 'STR': 'Infinity', 'DD': 0.0, 'TD': 0.0, 'QD': 0.0, 'MIN': 48.0, 'GS': 2.0, 'GP': 2.0, 'TW': 1.0, 'FTR': 1.14285714}}"
8,IN MAMBA WE TRUST vs Nadim the Dream,12,IN MAMBA WE TRUST,home,Julius Randle,3064514,PF,PG,MIN,0,"{'applied_total': 0, 'applied_avg': 0, 'team': None, 'date': None, 'avg': None, 'total': {'PTS': 21.0, 'BLK': 0.0, 'STL': 0.0, 'AST': 8.0, 'OREB': 1.0, 'DREB': 2.0, 'REB': 3.0, 'EJ': 0.0, 'FF': 0.0, 'PF': 4.0, 'TF': 0.0, 'TO': 3.0, 'DQ': 0.0, 'FGM': 7.0, 'FGA': 11.0, 'FTM': 5.0, 'FTA': 7.0, '3PM': 2.0, '3PA': 4.0, 'FG%': 0.63636364, 'FT%': 0.71428571, '3PT%': 0.5, 'AFG%': 0.72727273, 'FGMI': 4.0, 'FTMI': 2.0, '3PMI': 2.0, 'APG': 8.0, 'BPG': 0.0, 'MPG': 37.0, 'PPG': 21.0, 'RPG': 3.0, 'SPG': 0.0, 'TOPG': 3.0, '3PG': 2.0, 'PPM': 0.56756757, 'A/TO': 2.66666667, 'STR': 0.0, 'DD': 0.0, 'TD': 0.0, 'QD': 0.0, 'MIN': 37.0, 'GS': 1.0, 'GP': 1.0, 'TW': 0.0, 'FTR': 0.63636364}}"
8,IN MAMBA WE TRUST vs Nadim the Dream,12,IN MAMBA WE TRUST,home,Jay Huff,4065731,C,PG,IND,0,"{'applied_total': 0, 'applied_avg': 0, 'team': None, 'date': None, 'avg': None, 'total': {'PTS': 8.0, 'BLK': 4.0, 'STL': 2.0, 'AST': 2.0, 'OREB': 2.0, 'DREB': 5.0, 'REB': 7.0, 'EJ': 0.0, 'FF': 0.0, 'PF': 1.0, 'TF': 0.0, 'TO': 1.0, 'DQ': 0.0, 'FGM': 1.0, 'FGA': 5.0, 'FTM': 6.0, 'FTA': 6.0, '3PM': 0.0, '3PA': 3.0, 'FG%': 0.2, 'FT%': 1.0, '3PT%': 0.0, 'AFG%': 0.2, 'FGMI': 4.0, 'FTMI': 0.0, '3PMI': 3.0, 'APG': 2.0, 'BPG': 4.0, 'MPG': 31.0, 'PPG': 8.0, 'RPG': 7.0, 'SPG': 2.0, 'TOPG': 1.0, '3PG': 0.0, 'PPM': 0.25806452, 'A/TO': 2.0, 'STR': 2.0, 'DD': 0.0, 'TD': 0.0, 'QD': 0.0, 'MIN': 31.0, 'GS': 1.0, 'GP': 1.0, 'TW': 1.0, 'FTR': 1.2}}"
8,IN MAMBA WE TRUST vs Nadim the Dream,17,Nadim the Dream,away,Bryce McGowens,4576086,SG,PG,NOP,0,"{'applied_total': 0, 'applied_avg': 0, 'team': None, 'date': None, 'avg': None, 'total': {'PTS': 8.0, 'BLK': 0.0, 'STL': 0.0, 'AST': 2.0, 'OREB': 0.0, 'DREB': 1.0, 'REB': 1.0, 'EJ': 0.0, 'FF': 0.0, 'PF': 3.0, 'TF': 0.0, 'TO': 0.0, 'DQ': 0.0, 'FGM': 3.0, 'FGA': 5.0, 'FTM': 1.0, 'FTA': 1.0, '3PM': 1.0, '3PA': 3.0, 'FG%': 0.6, 'FT%': 1.0, '3PT%': 0.33333333, 'AFG%': 0.7, 'FGMI': 2.0, 'FTMI': 0.0, '3PMI': 2.0, 'APG': 2.0, 'BPG': 0.0, 'MPG': 24.0, 'PPG': 8.0, 'RPG': 1.0, 'SPG': 0.0, 'TOPG': 0.0, '3PG': 1.0, 'PPM': 0.33333333, 'A/TO': 'Infinity', 'STR': 0.0, 'DD': 0.0, 'TD': 0.0, 'QD': 0.0, 'MIN': 24.0, 'GS': 0.0, 'GP': 1.0, 'TW': 0.0, 'FTR': 0.2}}"
8,IN MAMBA WE TRUST vs Nadim the Dream,17,Nadim the Dream,away,Andrew Wiggins,3059319,SF,PG,MIA,0,"{'applied_total': 0, 'applied_avg': 0, 'team': None, 'date': None, 'avg': None, 'total': {'PTS': 19.0, 'BLK': 1.0, 'STL': 1.0, 'AST': 2.0, 'OREB': 0.0, 'DREB': 2.0, 'REB': 2.0, 'EJ': 0.0, 'FF': 0.0, 'PF': 2.0, 'TF': 0.0, 'TO': 1.0, 'DQ': 0.0, 'FGM': 8.0, 'FGA': 14.0, 'FTM': 0.0, 'FTA': 0.0, '3PM': 3.0, '3PA': 6.0, 'FG%': 0.57142857, 'FT%': 0.0, '3PT%': 0.5, 'AFG%': 0.67857143, 'FGMI': 6.0, 'FTMI': 0.0, '3PMI': 3.0, 'APG': 2.0, 'BPG': 1.0, 'MPG': 35.0, 'PPG': 19.0, 'RPG': 2.0, 'SPG': 1.0, 'TOPG': 1.0, '3PG': 3.0, 'PPM': 0.54285714, 'A/TO': 2.0, 'STR': 1.0, 'DD': 0.0, 'TD': 0.0, 'QD': 0.0, 'MIN': 35.0, 'GS': 1.0, 'GP': 1.0, 'TW': 0.0, 'FTR': 0.0}}"
8,IN MAMBA WE TRUST vs Nadim the Dream,17,Nadim the Dream,away,DeMar DeRozan,3978,SF,PG,SAC,0,"{'applied_total': 0, 'applied_avg': 0, 'team': None, 'date': None, 'avg': None, 'total': {'PTS': 20.0, 'BLK': 0.0, 'STL': 1.0, 'AST': 3.0, 'OREB': 3.0, 'DREB': 2.0, 'REB': 5.0, 'EJ': 0.0, 'FF': 0.0, 'PF': 4.0, 'TF': 0.0, 'TO': 1.0, 'DQ': 0.0, 'FGM': 8.0, 'FGA': 16.0, 'FTM': 4.0, 'FTA': 5.0, '3PM': 0.0, '3PA': 2.0, 'FG%': 0.5, 'FT%': 0.8, '3PT%': 0.0, 'AFG%': 0.5, 'FGMI': 8.0, 'FTMI': 1.0, '3PMI': 2.0, 'APG': 3.0, 'BPG': 0.0, 'MPG': 36.0, 'PPG': 20.0, 'RPG': 5.0, 'SPG': 1.0, 'TOPG': 1.0, '3PG': 0.0, 'PPM': 0.55555556, 'A/TO': 3.0, 'STR': 1.0, 'DD': 0.0, 'TD': 0.0, 'QD': 0.0, 'MIN': 36.0, 'GS': 1.0, 'GP': 1.0, 'TW': 0.0, 'FTR': 0.3125}}"
8,IN MAMBA WE TRUST vs Nadim the Dream,17,Nadim the Dream,away,Simone Fontecchio,3899664,SF,PG,MIA,0,"{'applied_total': 0, 'applied_avg': 0, 'team': None, 'date': None, 'avg': None, 'total': {'PTS': 0.0, 'BLK': 0.0, 'STL': 0.0, 'AST': 2.0, 'OREB': 0.0, 'DREB': 0.0, 'REB': 0.0, 'EJ': 0.0, 'FF': 0.0, 'PF': 0.0, 'TF': 0.0, 'TO': 1.0, 'DQ': 0.0, 'FGM': 0.0, 'FGA': 5.0, 'FTM': 0.0, 'FTA': 0.0, '3PM': 0.0, '3PA': 3.0, 'FG%': 0.0, 'FT%': 0.0, '3PT%': 0.0, 'AFG%': 0.0, 'FGMI': 5.0, 'FTMI': 0.0, '3PMI': 3.0, 'APG': 2.0, 'BPG': 0.0, 'MPG': 8.0, 'PPG': 0.0, 'RPG': 0.0, 'SPG': 0.0, 'TOPG': 1.0, '3PG': 0.0, 'A/TO': 2.0, 'STR': 0.0, 'DD': 0.0, 'TD': 0.0, 'QD': 0.0, 'MIN': 8.0, 'GS': 0.0, 'GP': 1.0, 'TW': 0.0, 'FTR': 0.0}}"
8,IN MAMBA WE TRUST vs Nadim the Dream,17,Nadim the Dream,away,Donte DiVincenzo,3934673,SG,PG,MIN,0,"{'applied_total': 0, 'applied_avg': 0, 'team': None, 'date': None, 'avg': None, 'total': {'PTS': 2.0, 'BLK': 0.0, 'STL': 1.0, 'AST': 4.0, 'OREB': 1.0, 'DREB': 3.0, 'REB': 4.0, 'EJ': 0.0, 'FF': 0.0, 'PF': 3.0, 'TF': 0.0, 'TO': 3.0, 'DQ': 0.0, 'FGM': 1.0, 'FGA': 7.0, 'FTM': 0.0, 'FTA': 0.0, '3PM': 0.0, '3PA': 6.0, 'FG%': 0.14285714, 'FT%': 0.0, '3PT%': 0.0, 'AFG%': 0.14285714, 'FGMI': 6.0, 'FTMI': 0.0, '3PMI': 6.0, 'APG': 4.0, 'BPG': 0.0, 'MPG': 27.0, 'PPG': 2.0, 'RPG': 4.0, 'SPG': 1.0, 'TOPG': 3.0, '3PG': 0.0, 'PPM': 0.07407407, 'A/TO': 1.33333333, 'STR': 0.33333333, 'DD': 0.0, 'TD': 0.0, 'QD': 0.0, 'MIN': 27.0, 'GS': 1.0, 'GP': 1.0, 'TW': 0.0, 'FTR': 0.0}}"
8,IN MAMBA WE TRUST vs Nadim the Dream,17,Nadim the Dream,away,Luke Kornet,3064560,C,PG,SAS,0,"{'applied_total': 0, 'applied_avg': 0, 'team': None, 'date': None, 'avg': None, 'total': {'PTS': 10.0, 'BLK': 1.0, 'STL': 0.0, 'AST': 1.0, 'OREB': 1.0, 'DREB': 7.0, 'REB': 8.0, 'EJ': 0.0, 'FF': 0.0, 'PF': 1.0, 'TF': 0.0, 'TO': 0.0, 'DQ': 0.0, 'FGM': 1.0, 'FGA': 3.0, 'FTM': 8.0, 'FTA': 9.0, '3PM': 0.0, '3PA': 0.0, 'FG%': 0.33333333, 'FT%': 0.88888889, '3PT%': 0.0, 'AFG%': 0.33333333, 'FGMI': 2.0, 'FTMI': 1.0, '3PMI': 0.0, 'APG': 1.0, 'BPG': 1.0, 'MPG': 33.0, 'PPG': 10.0, 'RPG': 8.0, 'SPG': 0.0, 'TOPG': 0.0, '3PG': 0.0, 'PPM': 0.3030303, 'A/TO': 'Infinity', 'STR': 0.0, 'DD': 0.0, 'TD': 0.0, 'QD': 0.0, 'MIN': 33.0, 'GS': 1.0, 'GP': 1.0, 'TW': 1.0, 'FTR': 3.0}}"
8,BDE vs Cold Beans,15,BDE,home,Rui Hachimura,4066648,PF,PG,LAL,0,"{'applied_total': 0, 'applied_avg': 0, 'team': None, 'date': None, 'avg': None, 'total': {'PTS': 8.0, 'BLK': 1.0, 'STL': 0.0, 'AST': 1.0, 'OREB': 0.0, 'DREB': 1.0, 'REB': 1.0, 'EJ': 0.0, 'FF': 0.0, 'PF': 1.0, 'TF': 0.0, 'TO': 0.0, 'DQ': 0.0, 'FGM': 3.0, 'FGA': 4.0, 'FTM': 0.0, 'FTA': 0.0, '3PM': 2.0, '3PA': 3.0, 'FG%': 0.75, 'FT%': 0.0, '3PT%': 0.66666667, 'AFG%': 1.0, 'FGMI': 1.0, 'FTMI': 0.0, '3PMI': 1.0, 'APG': 1.0, 'BPG': 1.0, 'MPG': 31.0, 'PPG': 8.0, 'RPG': 1.0, 'SPG': 0.0, 'TOPG': 0.0, '3PG': 2.0, 'PPM': 0.25806452, 'A/TO': 'Infinity', 'STR': 0.0, 'DD': 0.0, 'TD': 0.0, 'QD': 0.0, 'MIN': 31.0, 'GS': 1.0, 'GP': 1.0, 'TW': 0.0, 'FTR': 0.0}}"
8,BDE vs Cold Beans,15,BDE,home,Trey Murphy III,4397688,SF,PG,NOP,0,"{'applied_total': 0, 'applied_avg': 0, 'team': None, 'date': None, 'avg': None, 'total': {'PTS': 32.0, 'BLK': 1.0, 'STL': 2.0, 'AST': 4.0, 'OREB': 0.0, 'DREB': 3.0, 'REB': 3.0, 'EJ': 0.0, 'FF': 0.0, 'PF': 1.0, 'TF': 0.0, 'TO': 1.0, 'DQ': 0.0, 'FGM': 13.0, 'FGA': 21.0, 'FTM': 4.0, 'FTA': 5.0, '3PM': 2.0, '3PA': 6.0, 'FG%': 0.61904762, 'FT%': 0.8, '3PT%': 0.33333333, 'AFG%': 0.66666667, 'FGMI': 8.0, 'FTMI': 1.0, '3PMI': 4.0, 'APG': 4.0, 'BPG': 1.0, 'MPG': 38.0, 'PPG': 32.0, 'RPG': 3.0, 'SPG': 2.0, 'TOPG': 1.0, '3PG': 2.0, 'PPM': 0.84210526, 'A/TO': 4.0, 'STR': 2.0, 'DD': 0.0, 'TD': 0.0, 'QD': 0.0, 'MIN': 38.0, 'GS': 1.0, 'GP': 1.0, 'TW': 0.0, 'FTR': 0.23809524}}"
8,BDE vs Cold Beans,6,Cold Beans,away,Zach LaVine,3064440,SG,PG,SAC,0,"{'applied_total': 0, 'applied_avg': 0, 'team': None, 'date': None, 'avg': None, 'total': {'PTS': 16.0, 'BLK': 0.0, 'STL': 1.0, 'AST': 3.0, 'OREB': 0.0, 'DREB': 2.0, 'REB': 2.0, 'EJ': 0.0, 'FF': 0.0, 'PF': 0.0, 'TF': 0.0, 'TO': 5.0, 'DQ': 0.0, 'FGM': 6.0, 'FGA': 13.0, 'FTM': 2.0, 'FTA': 2.0, '3PM': 2.0, '3PA': 6.0, 'FG%': 0.46153846, 'FT%': 1.0, '3PT%': 0.33333333, 'AFG%': 0.53846154, 'FGMI': 7.0, 'FTMI': 0.0, '3PMI': 4.0, 'APG': 3.0, 'BPG': 0.0, 'MPG': 38.0, 'PPG': 16.0, 'RPG': 2.0, 'SPG': 1.0, 'TOPG': 5.0, '3PG': 2.0, 'PPM': 0.42105263, 'A/TO': 0.6, 'STR': 0.2, 'DD': 0.0, 'TD': 0.0, 'QD': 0.0, 'MIN': 38.0, 'GS': 1.0, 'GP': 1.0, 'TW': 0.0, 'FTR': 0.15384615}}"
8,BDE vs Cold Beans,6,Cold Beans,away,Pascal Siakam,3149673,PF,PG,IND,0,"{'applied_total': 0, 'applied_avg': 0, 'team': None, 'date': None, 'avg': None, 'total': {'PTS': 23.0, 'BLK': 0.0, 'STL': 2.0, 'AST': 4.0, 'OREB': 1.0, 'DREB': 4.0, 'REB': 5.0, 'EJ': 0.0, 'FF': 0.0, 'PF': 0.0, 'TF': 0.0, 'TO': 2.0, 'DQ': 0.0, 'FGM': 10.0, 'FGA': 21.0, 'FTM': 2.0, 'FTA': 2.0, '3PM': 1.0, '3PA': 4.0, 'FG%': 0.47619048, 'FT%': 1.0, '3PT%': 0.25, 'AFG%': 0.5, 'FGMI': 11.0, 'FTMI': 0.0, '3PMI': 3.0, 'APG': 4.0, 'BPG': 0.0, 'MPG': 35.0, 'PPG': 23.0, 'RPG': 5.0, 'SPG': 2.0, 'TOPG': 2.0, '3PG': 1.0, 'PPM': 0.65714286, 'A/TO': 2.0, 'STR': 1.0, 'DD': 0.0, 'TD': 0.0, 'QD': 0.0, 'MIN': 35.0, 'GS': 1.0, 'GP': 1.0, 'TW': 1.0, 'FTR': 0.0952381}}"
8,BDE vs Cold Beans,6,Cold Beans,away,Grayson Allen,3135045,SG,PG,PHO,0,"{'applied_total': 0, 'applied_avg': 0, 'team': None, 'date': None, 'avg': None, 'total': {'PTS': 22.0, 'BLK': 0.0, 'STL': 3.0, 'AST': 8.0, 'OREB': 2.0, 'DREB': 2.0, 'REB': 4.0, 'EJ': 1.0, 'FF': 1.0, 'PF': 7.0, 'TF': 0.0, 'TO': 3.0, 'DQ': 0.0, 'FGM': 8.0, 'FGA': 25.0, 'FTM': 3.0, 'FTA': 5.0, '3PM': 3.0, '3PA': 15.0, 'FG%': 0.32, 'FT%': 0.6, '3PT%': 0.2, 'AFG%': 0.38, 'FGMI': 17.0, 'FTMI': 2.0, '3PMI': 12.0, 'APG': 4.0, 'BPG': 0.0, 'MPG': 27.5, 'PPG': 11.0, 'RPG': 2.0, 'SPG': 1.5, 'TOPG': 1.5, '3PG': 1.5, 'PPM': 0.4, 'A/TO': 2.66666667, 'STR': 1.0, 'DD': 0.0, 'TD': 0.0, 'QD': 0.0, 'MIN': 55.0, 'GS': 2.0, 'GP': 2.0, 'TW': 1.0, 'FTR': 0.2}}"
8,BDE vs Cold Beans,6,Cold Beans,away,LeBron James,1966,SF,PG,LAL,0,"{'applied_total': 0, 'applied_avg': 0, 'team': None, 'date': None, 'avg': None, 'total': {'PTS': 19.0, 'BLK': 3.0, 'STL': 0.0, 'AST': 8.0, 'OREB': 1.0, 'DREB': 14.0, 'REB': 15.0, 'EJ': 0.0, 'FF': 0.0, 'PF': 2.0, 'TF': 0.0, 'TO': 3.0, 'DQ': 0.0, 'FGM': 7.0, 'FGA': 14.0, 'FTM': 5.0, 'FTA': 6.0, '3PM': 0.0, '3PA': 3.0, 'FG%': 0.5, 'FT%': 0.83333333, '3PT%': 0.0, 'AFG%': 0.5, 'FGMI': 7.0, 'FTMI': 1.0, '3PMI': 3.0, 'APG': 8.0, 'BPG': 3.0, 'MPG': 36.0, 'PPG': 19.0, 'RPG': 15.0, 'SPG': 0.0, 'TOPG': 3.0, '3PG': 0.0, 'PPM': 0.52777778, 'A/TO': 2.66666667, 'STR': 0.0, 'DD': 1.0, 'TD': 0.0, 'QD': 0.0, 'MIN': 36.0, 'GS': 1.0, 'GP': 1.0, 'TW': 0.0, 'FTR': 0.42857143}}"
8,Hardwood Hustlers vs Burrito Barnes,20,Hardwood Hustlers,home,Keegan Murray,4594327,PF,PG,SAC,0,"{'applied_total': 0, 'applied_avg': 0, 'team': None, 'date': None, 'avg': None, 'total': {'PTS': 8.0, 'BLK': 0.0, 'STL': 0.0, 'AST': 2.0, 'OREB': 2.0, 'DREB': 9.0, 'REB': 11.0, 'EJ': 0.0, 'FF': 0.0, 'PF': 4.0, 'TF': 0.0, 'TO': 2.0, 'DQ': 0.0, 'FGM': 3.0, 'FGA': 11.0, 'FTM': 1.0, 'FTA': 1.0, '3PM': 1.0, '3PA': 5.0, 'FG%': 0.27272727, 'FT%': 1.0, '3PT%': 0.2, 'AFG%': 0.31818182, 'FGMI': 8.0, 'FTMI': 0.0, '3PMI': 4.0, 'APG': 2.0, 'BPG': 0.0, 'MPG': 37.0, 'PPG': 8.0, 'RPG': 11.0, 'SPG': 0.0, 'TOPG': 2.0, '3PG': 1.0, 'PPM': 0.21621622, 'A/TO': 1.0, 'STR': 0.0, 'DD': 0.0, 'TD': 0.0, 'QD': 0.0, 'MIN': 37.0, 'GS': 1.0, 'GP': 1.0, 'TW': 0.0, 'FTR': 0.09090909}}"
8,Hardwood Hustlers vs Burrito Barnes,20,Hardwood Hustlers,home,Jeremiah Fears,5144091,SG,PG,NOP,0,"{'applied_total': 0, 'applied_avg': 0, 'team': None, 'date': None, 'avg': None, 'total': {'PTS': 5.0, 'BLK': 0.0, 'STL': 1.0, 'AST': 4.0, 'OREB': 1.0, 'DREB': 2.0, 'REB': 3.0, 'EJ': 0.0, 'FF': 0.0, 'PF': 4.0, 'TF': 0.0, 'TO': 2.0, 'DQ': 0.0, 'FGM': 2.0, 'FGA': 8.0, 'FTM': 0.0, 'FTA': 0.0, '3PM': 1.0, '3PA': 2.0, 'FG%': 0.25, 'FT%': 0.0, '3PT%': 0.5, 'AFG%': 0.3125, 'FGMI': 6.0, 'FTMI': 0.0, '3PMI': 1.0, 'APG': 4.0, 'BPG': 0.0, 'MPG': 21.0, 'PPG': 5.0, 'RPG': 3.0, 'SPG': 1.0, 'TOPG': 2.0, '3PG': 1.0, 'PPM': 0.23809524, 'A/TO': 2.0, 'STR': 0.5, 'DD': 0.0, 'TD': 0.0, 'QD': 0.0, 'MIN': 21.0, 'GS': 1.0, 'GP': 1.0, 'TW': 0.0, 'FTR': 0.0}}"
8,Hardwood Hustlers vs Burrito Barnes,20,Hardwood Hustlers,home,Aaron Wiggins,4397183,SG,PG,OKC,0,"{'applied_total': 0, 'applied_avg': 0, 'team': None, 'date': None, 'avg': None, 'total': {'PTS': 6.0, 'BLK': 0.0, 'STL': 2.0, 'AST': 1.0, 'OREB': 0.0, 'DREB': 3.0, 'REB': 3.0, 'EJ': 0.0, 'FF': 0.0, 'PF': 4.0, 'TF': 0.0, 'TO': 2.0, 'DQ': 0.0, 'FGM': 2.0, 'FGA': 7.0, 'FTM': 0.0, 'FTA': 0.0, '3PM': 2.0, '3PA': 4.0, 'FG%': 0.28571429, 'FT%': 0.0, '3PT%': 0.5, 'AFG%': 0.42857143, 'FGMI': 5.0, 'FTMI': 0.0, '3PMI': 2.0, 'APG': 1.0, 'BPG': 0.0, 'MPG': 22.0, 'PPG': 6.0, 'RPG': 3.0, 'SPG': 2.0, 'TOPG': 2.0, '3PG': 2.0, 'PPM': 0.27272727, 'A/TO': 0.5, 'STR': 1.0, 'DD': 0.0, 'TD': 0.0, 'QD': 0.0, 'MIN': 22.0, 'GS': 0.0, 'GP': 1.0, 'TW': 1.0, 'FTR': 0.0}}"
8,Hardwood Hustlers vs Burrito Barnes,20,Hardwood Hustlers,home,Jalen Brunson,3934672,PG,PG,NYK,0,"{'applied_total': 0, 'applied_avg': 0, 'team': None, 'date': None, 'avg': None, 'total': {'PTS': 35.0, 'BLK': 1.0, 'STL': 0.0, 'AST': 4.0, 'OREB': 0.0, 'DREB': 3.0, 'REB': 3.0, 'EJ': 0.0, 'FF': 0.0, 'PF': 1.0, 'TF': 0.0, 'TO': 3.0, 'DQ': 0.0, 'FGM': 13.0, 'FGA': 19.0, 'FTM': 3.0, 'FTA': 5.0, '3PM': 6.0, '3PA': 9.0, 'FG%': 0.68421053, 'FT%': 0.6, '3PT%': 0.66666667, 'AFG%': 0.84210526, 'FGMI': 6.0, 'FTMI': 2.0, '3PMI': 3.0, 'APG': 4.0, 'BPG': 1.0, 'MPG': 39.0, 'PPG': 35.0, 'RPG': 3.0, 'SPG': 0.0, 'TOPG': 3.0, '3PG': 6.0, 'PPM': 0.8974359, 'A/TO': 1.33333333, 'STR': 0.0, 'DD': 0.0, 'TD': 0.0, 'QD': 0.0, 'MIN': 39.0, 'GS': 1.0, 'GP': 1.0, 'TW': 1.0, 'FTR': 0.26315789}}"
8,Hardwood Hustlers vs Burrito Barnes,20,Hardwood Hustlers,home,Jose Alvarado,4277869,PG,PG,NOP,0,"{'applied_total': 0, 'applied_avg': 0, 'team': None, 'date': None, 'avg': None, 'total': {'PTS': 10.0, 'BLK': 1.0, 'STL': 1.0, 'AST': 6.0, 'OREB': 0.0, 'DREB': 3.0, 'REB': 3.0, 'EJ': 0.0, 'FF': 1.0, 'PF': 3.0, 'TF': 0.0, 'TO': 1.0, 'DQ': 0.0, 'FGM': 4.0, 'FGA': 7.0, 'FTM': 0.0, 'FTA': 0.0, '3PM': 2.0, '3PA': 5.0, 'FG%': 0.57142857, 'FT%': 0.0, '3PT%': 0.4, 'AFG%': 0.71428571, 'FGMI': 3.0, 'FTMI': 0.0, '3PMI': 3.0, 'APG': 6.0, 'BPG': 1.0, 'MPG': 31.0, 'PPG': 10.0, 'RPG': 3.0, 'SPG': 1.0, 'TOPG': 1.0, '3PG': 2.0, 'PPM': 0.32258065, 'A/TO': 6.0, 'STR': 1.0, 'DD': 0.0, 'TD': 0.0, 'QD': 0.0, 'MIN': 31.0, 'GS': 0.0, 'GP': 1.0, 'TW': 0.0, 'FTR': 0.0}}"
8,Hardwood Hustlers vs Burrito Barnes,21,Burrito Barnes,away,Deandre Ayton,4278129,C,PG,LAL,0,"{'applied_total': 0, 'applied_avg': 0, 'team': None, 'date': None, 'avg': None, 'total': {'PTS': 11.0, 'BLK': 0.0, 'STL': 1.0, 'AST': 1.0, 'OREB': 3.0, 'DREB': 5.0, 'REB': 8.0, 'EJ': 0.0, 'FF': 0.0, 'PF': 3.0, 'TF': 0.0, 'TO': 0.0, 'DQ': 0.0, 'FGM': 5.0, 'FGA': 9.0, 'FTM': 1.0, 'FTA': 2.0, '3PM': 0.0, '3PA': 0.0, 'FG%': 0.55555556, 'FT%': 0.5, '3PT%': 0.0, 'AFG%': 0.55555556, 'FGMI': 4.0, 'FTMI': 1.0, '3PMI': 0.0, 'APG': 1.0, 'BPG': 0.0, 'MPG': 26.0, 'PPG': 11.0, 'RPG': 8.0, 'SPG': 1.0, 'TOPG': 0.0, '3PG': 0.0, 'PPM': 0.42307692, 'A/TO': 'Infinity', 'STR': 'Infinity', 'DD': 0.0, 'TD': 0.0, 'QD': 0.0, 'MIN': 26.0, 'GS': 1.0, 'GP': 1.0, 'TW': 0.0, 'FTR': 0.22222222}}"
8,Hardwood Hustlers vs Burrito Barnes,21,Burrito Barnes,away,T.J. McConnell,2530530,PG,PG,IND,0,"{'applied_total': 0, 'applied_avg': 0, 'team': None, 'date': None, 'avg': None, 'total': {'PTS': 4.0, 'BLK': 0.0, 'STL': 0.0, 'AST': 3.0, 'OREB': 0.0, 'DREB': 1.0, 'REB': 1.0, 'EJ': 0.0, 'FF': 0.0, 'PF': 1.0, 'TF': 0.0, 'TO': 1.0, 'DQ': 0.0, 'FGM': 2.0, 'FGA': 9.0, 'FTM': 0.0, 'FTA': 0.0, '3PM': 0.0, '3PA': 0.0, 'FG%': 0.22222222, 'FT%': 0.0, '3PT%': 0.0, 'AFG%': 0.22222222, 'FGMI': 7.0, 'FTMI': 0.0, '3PMI': 0.0, 'APG': 3.0, 'BPG': 0.0, 'MPG': 16.0, 'PPG': 4.0, 'RPG': 1.0, 'SPG': 0.0, 'TOPG': 1.0, '3PG': 0.0, 'PPM': 0.25, 'A/TO': 3.0, 'STR': 0.0, 'DD': 0.0, 'TD': 0.0, 'QD': 0.0, 'MIN': 16.0, 'GS': 0.0, 'GP': 1.0, 'TW': 1.0, 'FTR': 0.0}}"
8,Hardwood Hustlers vs Burrito Barnes,21,Burrito Barnes,away,Wendell Carter Jr.,4277847,C,PG,ORL,0,"{'applied_total': 0, 'applied_avg': 0, 'team': None, 'date': None, 'avg': None, 'total': {'PTS': 14.0, 'BLK': 1.0, 'STL': 1.0, 'AST': 3.0, 'OREB': 2.0, 'DREB': 8.0, 'REB': 10.0, 'EJ': 0.0, 'FF': 0.0, 'PF': 2.0, 'TF': 0.0, 'TO': 0.0, 'DQ': 0.0, 'FGM': 6.0, 'FGA': 8.0, 'FTM': 0.0, 'FTA': 0.0, '3PM': 2.0, '3PA': 3.0, 'FG%': 0.75, 'FT%': 0.0, '3PT%': 0.66666667, 'AFG%': 0.875, 'FGMI': 2.0, 'FTMI': 0.0, '3PMI': 1.0, 'APG': 3.0, 'BPG': 1.0, 'MPG': 31.0, 'PPG': 14.0, 'RPG': 10.0, 'SPG': 1.0, 'TOPG': 0.0, '3PG': 2.0, 'PPM': 0.4516129, 'A/TO': 'Infinity', 'STR': 'Infinity', 'DD': 1.0, 'TD': 0.0, 'QD': 0.0, 'MIN': 31.0, 'GS': 1.0, 'GP': 1.0, 'TW': 1.0, 'FTR': 0.0}}"
8,Hardwood Hustlers vs Burrito Barnes,21,Burrito Barnes,away,Austin Reaves,4066457,SG,PG,LAL,0,"{'applied_total': 0, 'applied_avg': 0, 'team': None, 'date': None, 'avg': None, 'total': {'PTS': 15.0, 'BLK': 1.0, 'STL': 0.0, 'AST': 7.0, 'OREB': 1.0, 'DREB': 7.0, 'REB': 8.0, 'EJ': 0.0, 'FF': 0.0, 'PF': 5.0, 'TF': 0.0, 'TO': 3.0, 'DQ': 0.0, 'FGM': 6.0, 'FGA': 16.0, 'FTM': 1.0, 'FTA': 1.0, '3PM': 2.0, '3PA': 6.0, 'FG%': 0.375, 'FT%': 1.0, '3PT%': 0.33333333, 'AFG%': 0.4375, 'FGMI': 10.0, 'FTMI': 0.0, '3PMI': 4.0, 'APG': 7.0, 'BPG': 1.0, 'MPG': 40.0, 'PPG': 15.0, 'RPG': 8.0, 'SPG': 0.0, 'TOPG': 3.0, '3PG': 2.0, 'PPM': 0.375, 'A/TO': 2.33333333, 'STR': 0.0, 'DD': 0.0, 'TD': 0.0, 'QD': 0.0, 'MIN': 40.0, 'GS': 1.0, 'GP': 1.0, 'TW': 0.0, 'FTR': 0.0625}}"
8,Hardwood Hustlers vs Burrito Barnes,21,Burrito Barnes,away,Maxime Raynaud,4898371,C,PG,SAC,0,"{'applied_total': 0, 'applied_avg': 0, 'team': None, 'date': None, 'avg': None, 'total': {'PTS': 13.0, 'BLK': 0.0, 'STL': 0.0, 'AST': 3.0, 'OREB': 3.0, 'DREB': 5.0, 'REB': 8.0, 'EJ': 0.0, 'FF': 0.0, 'PF': 3.0, 'TF': 0.0, 'TO': 3.0, 'DQ': 0.0, 'FGM': 5.0, 'FGA': 8.0, 'FTM': 3.0, 'FTA': 4.0, '3PM': 0.0, '3PA': 0.0, 'FG%': 0.625, 'FT%': 0.75, '3PT%': 0.0, 'AFG%': 0.625, 'FGMI': 3.0, 'FTMI': 1.0, '3PMI': 0.0, 'APG': 3.0, 'BPG': 0.0, 'MPG': 23.0, 'PPG': 13.0, 'RPG': 8.0, 'SPG': 0.0, 'TOPG': 3.0, '3PG': 0.0, 'PPM': 0.56521739, 'A/TO': 1.0, 'STR': 0.0, 'DD': 0.0, 'TD': 0.0, 'QD': 0.0, 'MIN': 23.0, 'GS': 1.0, 'GP': 1.0, 'TW': 0.0, 'FTR': 0.5}}"
8,Hardwood Hustlers vs Burrito Barnes,21,Burrito Barnes,away,Devin Vassell,4395630,SG,PG,SAS,0,"{'applied_total': 0, 'applied_avg': 0, 'team': None, 'date': None, 'avg': None, 'total': {'PTS': 13.0, 'BLK': 1.0, 'STL': 3.0, 'AST': 8.0, 'OREB': 0.0, 'DREB': 7.0, 'REB': 7.0, 'EJ': 0.0, 'FF': 0.0, 'PF': 2.0, 'TF': 0.0, 'TO': 1.0, 'DQ': 0.0, 'FGM': 3.0, 'FGA': 15.0, 'FTM': 5.0, 'FTA': 5.0, '3PM': 2.0, '3PA': 8.0, 'FG%': 0.2, 'FT%': 1.0, '3PT%': 0.25, 'AFG%': 0.26666667, 'FGMI': 12.0, 'FTMI': 0.0, '3PMI': 6.0, 'APG': 4.0, 'BPG': 0.5, 'MPG': 29.0, 'PPG': 6.5, 'RPG': 3.5, 'SPG': 1.5, 'TOPG': 0.5, '3PG': 1.0, 'PPM': 0.22413793, 'A/TO': 8.0, 'STR': 3.0, 'DD': 0.0, 'TD': 0.0, 'QD': 0.0, 'MIN': 58.0, 'GS': 2.0, 'GP': 2.0, 'TW': 2.0, 'FTR': 0.33333333}}"
